name,unofficial name
"Vector Resources, Inc.","Vector Resources, "
A.G.S.E,A.G.S.E
"Center Rock, Inc.","Center Rock, "
Living Word Community Church Inc,Living Word Community Church 
Silver Maple Veterinary Clinic,Silver Maple Veterinary Clinic
Town of Winfield,Town of Winfield
"Gwinnett Pulmonary Group, P.C.","Gwinnett Pulmonary , P.C"
Greenbriar Ob-Gyn PC,Greenbriar Ob-Gyn PC
Mychelle Dermaceuticals LLC,Mychelle Dermaceuticals 
"Shenandoah Valley Medical System, Incorporated","Shenandoah Valley Medical , "
"Sole Technology, Inc.","Sole , "
Bayview Vision Clinic,Bayview Vision Clinic
"Netserve Systems, Inc.","Netserve , "
Paradigm Homes,Paradigm Homes
Prairie Oral Surgery Ltd,Prairie Oral Surgery 
Is Marketing Inc,Is Marketing 
Norwood Group,Norwood 
"Michigan Rod Products, Inc.","Michigan Rod , "
Vinfen -CT,Vinfen -CT
Pet Kare Clinic,Pet Kare Clinic
Grant Park,Grant Park
FDM Inc,FDM 
Allied Urological Services LLC,Allied Urological 
"Greenfield and Davidson, Chartered","Greenfield and Davidson, Chartered"
Serene Corporation,Serene 
Mountainside Farms LLC,Mountainside Farms 
"Northbrook Country Club, Inc.","Northbrook Country , "
"Sp Maintenance Services, Inc.","Sp Maintenance , "
Ferguson Florissant School Dist,Ferguson Florissant School Dist
"Walong Marketing, Inc.","Walong Marketing, "
Inyo Pool Products Inc.,Inyo Pool 
"Car Town Usa, Inc","Car Town , "
Kentucky Car Credit,Kentucky Car Credit
Bowman Tool,Bowman Tool
Tire Discounter Ltd,Tire Discounter 
Vermont Epscor (uvm),Vermont Epscor (uvm)
"Nelson Speed Shop, Inc","Nelson Speed Shop, "
Coweta Hearing Center,Coweta Hearing 
Salem Services Group LLC,Salem 
Homecare By Design Inc.,Homecare By Design 
"Tank Industry Consultants, Inc","Tank , "
Mygift Enterprise,Mygift 
"Gold Bond, Inc.","Gold Bond, "
"View Systems, Inc.","View , "
Bank of Kansas,Bank of Kansas
Sierra Atlantic Inc,Sierra Atlantic 
"Civicom, Inc.","Civicom, "
"Georgia S Dream Nannies, Inc.","Georgia S Dream Nannies, "
"Natcore Technology, Inc.","Natcore , "
Yetter Steel,Yetter Steel
Isoft Solutions LLC,Isoft 
All American T Shirt Co,All American T Shirt 
Rheumatology Clinic Inc,Rheumatology Clinic 
Unlimited Home Care Inc,Unlimited Home Care 
INDEPENDENT FILM PRODUCTIONS LIMITED,INDEPENDENT FILM PRODUCTIONS 
Inter Cal Real Estate Corporation,Inter Cal Real Estate 
Double Trouble Trucking Inc,Double Trouble Trucking 
Pg Consulting LLC,Pg Consulting 
Cnx Marine Terminals Inc.,Cnx Marine Terminals 
National Farmers Union,National Farmers Union
Pace Center,Pace 
Oak Manor Inc,Oak Manor 
"Griffin Gear, Inc.","Griffin Gear, "
"Pistorino & Alam, Inc","Pistorino & Alam, "
Big D'S Burgers,Big D'S Burgers
"Dunham Engineering, Inc.","Dunham Engineering, "
Ssk Hr Consulting,Ssk Hr Consulting
Campbell Drywall Inc,Campbell Drywall 
"Van Wilgen's Garden Center of Milford, Inc","Van Wilgen's Garden Center of Milford, "
"Tropic Ice, LLC","Tropic Ice, "
"Pediatric Affiliates, PA","Pediatric , PA"
Attorneys Personal Services Inc,Attorneys Personal 
National Beer Wholesalers Association,National Beer Wholesalers Association
Kozmos Grille,Kozmos Grille
"Kemper Cost Management, Inc.","Kemper Cost Management, "
G & M Moving & Storage Inc,G & M Moving & Storage 
Faith Broadcasting Inc,Faith Broadcasting 
Elizabeth A Dunn CPA PA,Elizabeth A Dunn CPA PA
Lexington Medical Center,Lexington Medical 
Keith Lloyd,Keith Lloyd
Jonathan B Berger MD PA,Jonathan B Berger MD PA
Southern Maine Agency On Aging Inc,Southern Maine Agency On Aging 
"Intrix Technology, Inc.","Intrix , "
Tax Center Inc,Tax Center 
Gloss Hair Salon,Gloss Hair Salon
Afg Insurance,Afg Insurance
Vernon Heating and Air,Vernon Heating and Air
Expressions At Enumclaw,Expressions At Enumclaw
November Inc,November 
Youngevity,Youngevity
Dresner Group LLC,Dresner 
Urbana Country Club,Urbana Country 
Guys Little Movers Inc,Guys Little Movers 
Marketing and Advertising Company,Marketing and Advertising 
Salud Para La Gente,Salud Para La Gente
"Rickmeyer & Associates, Inc.","Rickmeyer & , "
"Community Mainstreaming Associates, Inc.","Community Mainstreaming , "
Holistic Treatment Center,Holistic Treatment 
Seattle Housing Auth.,Seattle Housing Auth.
"Abbate Screw Products, Inc.","Abbate Screw , "
